-- MySQL dump 10.17  Distrib 10.3.17-MariaDB, for debian-linux-gnueabihf (armv7l)
--
-- Host: localhost    Database: dandywashdb
-- ------------------------------------------------------
-- Server version	10.3.17-MariaDB-0+deb10u1

/*!40101 SET @OLD_CHARACTER_SET_CLIENT=@@CHARACTER_SET_CLIENT */;
/*!40101 SET @OLD_CHARACTER_SET_RESULTS=@@CHARACTER_SET_RESULTS */;
/*!40101 SET @OLD_COLLATION_CONNECTION=@@COLLATION_CONNECTION */;
/*!40101 SET NAMES utf8mb4 */;
/*!40103 SET @OLD_TIME_ZONE=@@TIME_ZONE */;
/*!40103 SET TIME_ZONE='+00:00' */;
/*!40014 SET @OLD_UNIQUE_CHECKS=@@UNIQUE_CHECKS, UNIQUE_CHECKS=0 */;
/*!40014 SET @OLD_FOREIGN_KEY_CHECKS=@@FOREIGN_KEY_CHECKS, FOREIGN_KEY_CHECKS=0 */;
/*!40101 SET @OLD_SQL_MODE=@@SQL_MODE, SQL_MODE='NO_AUTO_VALUE_ON_ZERO' */;
/*!40111 SET @OLD_SQL_NOTES=@@SQL_NOTES, SQL_NOTES=0 */;

--
-- Table structure for table `component`
--

DROP TABLE IF EXISTS `component`;
/*!40101 SET @saved_cs_client     = @@character_set_client */;
/*!40101 SET character_set_client = utf8 */;
CREATE TABLE `component` (
  `Id` int(11) NOT NULL AUTO_INCREMENT,
  `Eenheid` varchar(10) DEFAULT NULL,
  `Model` varchar(45) NOT NULL,
  `Beschrijving` varchar(345) DEFAULT NULL,
  PRIMARY KEY (`Id`),
  KEY `DetailslFK_idx` (`Model`),
  CONSTRAINT `DetailslFK` FOREIGN KEY (`Model`) REFERENCES `details` (`Model`)
) ENGINE=InnoDB AUTO_INCREMENT=16 DEFAULT CHARSET=utf8mb4 COMMENT='Elektronica component';
/*!40101 SET character_set_client = @saved_cs_client */;

--
-- Dumping data for table `component`
--

LOCK TABLES `component` WRITE;
/*!40000 ALTER TABLE `component` DISABLE KEYS */;
INSERT INTO `component` VALUES (1,'cm','HC-SR04','afstandssensor bleek'),(2,'cm','HC-SR04','afstandssensor donker'),(3,'luminance','GY-33','kleuren sensor'),(4,'bool','MOIST','vochtigheid sensor'),(6,'graden','SERVO','bottom bleek'),(7,'graden','SERVO','top bleek'),(8,'graden','SERVO','bottom donker'),(9,'graden','SERVO','top donker'),(10,'graden','SERVO','scheidingsmuur'),(11,'graden','SERVO','luik wasmachine'),(12,'graden','SERVO','handzeepje'),(14,NULL,'LCD','lcd display'),(15,'cm','HC-SR04','afstandssensor bin');
/*!40000 ALTER TABLE `component` ENABLE KEYS */;
UNLOCK TABLES;

--
-- Table structure for table `details`
--

DROP TABLE IF EXISTS `details`;
/*!40101 SET @saved_cs_client     = @@character_set_client */;
/*!40101 SET character_set_client = utf8 */;
CREATE TABLE `details` (
  `Model` varchar(45) NOT NULL,
  `Type` varchar(45) NOT NULL,
  `Prijs` float NOT NULL,
  PRIMARY KEY (`Model`)
) ENGINE=InnoDB DEFAULT CHARSET=utf8mb4 COMMENT='Model = MPU6050\nType = Sensor / Actuator\n';
/*!40101 SET character_set_client = @saved_cs_client */;

--
-- Dumping data for table `details`
--

LOCK TABLES `details` WRITE;
/*!40000 ALTER TABLE `details` DISABLE KEYS */;
INSERT INTO `details` VALUES ('DC','Actuator',1.95),('GY-33','Sensor',13.99),('HC-SR04','Sensor',4.95),('LCD','Actuator',11.95),('MOIST','Sensor',3.5),('PIR','Sensor',5.95),('SERVO','Actuator',3.95);
/*!40000 ALTER TABLE `details` ENABLE KEYS */;
UNLOCK TABLES;

--
-- Table structure for table `historiek`
--

DROP TABLE IF EXISTS `historiek`;
/*!40101 SET @saved_cs_client     = @@character_set_client */;
/*!40101 SET character_set_client = utf8 */;
CREATE TABLE `historiek` (
  `Volgnummer` int(11) NOT NULL AUTO_INCREMENT,
  `ComponentId` int(11) NOT NULL,
  `Tijdstip` timestamp NOT NULL DEFAULT current_timestamp(),
  `Waarde` varchar(45) NOT NULL,
  PRIMARY KEY (`Volgnummer`),
  KEY `ComponentFK_idx` (`ComponentId`),
  CONSTRAINT `ComponentFK` FOREIGN KEY (`ComponentId`) REFERENCES `component` (`Id`)
) ENGINE=InnoDB AUTO_INCREMENT=493 DEFAULT CHARSET=utf8mb4 COMMENT='Historiek van de componenten.\nWaarde kan ON/OFF zijn ofwel een gemeten waarde';
/*!40101 SET character_set_client = @saved_cs_client */;

--
-- Dumping data for table `historiek`
--

LOCK TABLES `historiek` WRITE;
/*!40000 ALTER TABLE `historiek` DISABLE KEYS */;
INSERT INTO `historiek` VALUES (1,1,'2020-05-03 20:04:26','3'),(2,1,'2020-05-03 20:04:48','3'),(3,1,'2020-05-03 20:04:48','4'),(4,1,'2020-05-03 20:04:48','5'),(5,1,'2020-05-03 20:04:48','7'),(6,1,'2020-05-03 20:04:48','9'),(7,2,'2020-05-03 20:05:15','5'),(8,2,'2020-05-03 20:05:15','6'),(9,2,'2020-05-03 20:05:15','7'),(10,2,'2020-05-03 20:05:15','9'),(11,2,'2020-05-03 20:05:15','12'),(12,2,'2020-05-03 20:17:39','12'),(13,2,'2020-05-25 07:36:10','10'),(14,2,'2020-05-25 07:36:51','11'),(15,2,'2020-05-25 07:41:57','5'),(16,2,'2020-05-25 15:12:57','12'),(17,1,'2020-05-25 15:13:20','120'),(18,2,'2020-05-25 15:13:23','120'),(19,1,'2020-05-25 20:33:21','124.60'),(20,1,'2020-05-25 20:33:29','24.60'),(21,1,'2020-05-25 20:35:44','24.60'),(22,1,'2020-05-25 20:36:12','24.60'),(23,1,'2020-05-25 20:42:19','123.01'),(24,1,'2020-05-25 20:46:16','125.08'),(25,1,'2020-05-25 20:49:11','124.60'),(26,1,'2020-05-25 20:50:30','124.66'),(27,1,'2020-05-25 20:52:46','120.99'),(28,2,'2020-05-25 20:53:17','122.14'),(29,2,'2020-05-25 20:53:18','122.16'),(30,2,'2020-05-25 20:53:20','122.16'),(31,2,'2020-05-25 20:53:21','122.17'),(32,2,'2020-05-25 20:53:22','120.88'),(33,2,'2020-05-25 20:53:23','122.13'),(34,2,'2020-05-25 20:53:24','122.18'),(35,2,'2020-05-25 20:53:25','122.0'),(36,2,'2020-05-25 20:53:26','120.78'),(37,2,'2020-05-25 20:53:27','121.15'),(38,2,'2020-05-25 20:53:29','121.47'),(39,2,'2020-05-25 20:53:39','122.37'),(40,1,'2020-05-25 20:55:20','122.14'),(41,1,'2020-05-25 20:55:22','120.55'),(42,1,'2020-05-25 20:55:23','122.24'),(43,1,'2020-05-25 20:55:25','122.34'),(44,1,'2020-05-25 20:55:27','122.15'),(45,1,'2020-05-25 20:55:28','122.16'),(46,1,'2020-05-25 20:55:30','120.64'),(47,1,'2020-05-25 20:55:31','121.05'),(48,1,'2020-05-25 20:55:43','20.66'),(49,1,'2020-05-25 20:55:50','120.64'),(50,1,'2020-05-25 20:55:53','22.16'),(51,2,'2020-05-25 20:56:00','122.36'),(52,2,'2020-05-25 20:56:01','122.2'),(53,2,'2020-05-25 20:56:03','122.18'),(54,2,'2020-05-25 20:56:04','122.25'),(55,2,'2020-05-25 20:56:05','120.74'),(56,2,'2020-05-25 20:56:06','120.74'),(57,3,'2020-05-26 12:37:40','0.5'),(58,3,'2020-05-26 12:37:41','0.5'),(59,3,'2020-05-26 12:37:42','0.5'),(60,3,'2020-05-26 12:37:44','0.5'),(61,3,'2020-05-26 12:37:45','0.5'),(62,3,'2020-05-26 12:37:46','0.5'),(63,3,'2020-05-26 12:37:47','0.5'),(64,3,'2020-05-26 12:37:48','0.5'),(65,3,'2020-05-26 12:37:50','0.5'),(66,3,'2020-05-26 12:37:51','0.5'),(67,3,'2020-05-26 12:37:52','0.5'),(68,3,'2020-05-26 12:37:53','0.5'),(69,3,'2020-05-26 12:37:55','0.5'),(70,3,'2020-05-26 12:37:56','0.5'),(71,3,'2020-05-26 12:37:57','0.5'),(72,3,'2020-05-26 12:37:58','0.5'),(73,3,'2020-05-26 12:38:48','0.5'),(74,3,'2020-05-26 12:38:50','0.5'),(75,3,'2020-05-26 12:38:51','0.5'),(76,3,'2020-05-26 12:38:52','0.5'),(77,3,'2020-05-26 12:38:53','0.5'),(78,3,'2020-05-26 12:38:54','0.5'),(79,3,'2020-05-26 12:38:56','0.5'),(80,3,'2020-05-26 12:38:57','0.5'),(81,3,'2020-05-26 12:38:58','0.5'),(82,3,'2020-05-26 12:38:59','0.5'),(83,3,'2020-05-26 12:39:00','0.5'),(84,3,'2020-05-26 12:39:02','0.5'),(85,3,'2020-05-26 12:39:03','0.5'),(86,3,'2020-05-26 12:40:19','0.5'),(87,3,'2020-05-26 12:41:11','0.5'),(88,3,'2020-05-26 12:41:15','0.5'),(89,3,'2020-05-26 12:42:30','1.0'),(90,3,'2020-05-26 12:43:07','1.0'),(91,3,'2020-05-26 12:43:50','1.0'),(92,1,'2020-05-26 12:43:54','114.61'),(93,3,'2020-05-26 12:43:55','1.0'),(94,3,'2020-05-26 12:55:59','1.0'),(95,1,'2020-05-26 12:56:03','114.66'),(96,3,'2020-05-26 12:56:03','1.0'),(97,3,'2020-05-26 12:56:49','1.0'),(98,3,'2020-05-26 12:56:54','1.0'),(99,3,'2020-05-26 12:58:10','1.0'),(100,3,'2020-05-26 12:58:15','1.0'),(101,3,'2020-05-26 12:59:07','1.0'),(102,3,'2020-05-26 12:59:11','1.0'),(103,3,'2020-05-26 13:00:10','1.0'),(104,3,'2020-05-26 13:00:10','1.0'),(105,3,'2020-05-26 13:00:50','1.0'),(106,3,'2020-05-26 13:00:51','1.0'),(107,3,'2020-05-26 13:01:24','1.0'),(108,3,'2020-05-26 13:01:25','1.0'),(109,3,'2020-05-26 13:02:20','1.0'),(110,3,'2020-05-26 13:03:11','1.0'),(111,3,'2020-05-26 13:04:06','1.0'),(112,1,'2020-05-26 13:04:11','14.56'),(113,3,'2020-05-26 13:04:11','1.0'),(114,3,'2020-05-26 13:04:54','1.0'),(115,3,'2020-05-26 13:06:59','1.0'),(116,3,'2020-05-26 13:07:04','1.0'),(117,3,'2020-05-26 13:08:08','1.0'),(118,1,'2020-05-26 13:08:12','114.56'),(119,3,'2020-05-26 13:08:12','1.0'),(120,3,'2020-05-26 13:08:52','1.0'),(121,3,'2020-05-26 13:08:56','1.0'),(122,3,'2020-05-26 13:09:41','1.0'),(123,3,'2020-05-26 13:09:45','1.0'),(124,3,'2020-05-26 13:10:00','1.0'),(125,3,'2020-05-26 13:10:04','1.0'),(126,3,'2020-05-26 13:10:32','1.0'),(127,2,'2020-05-26 13:10:36','114.59'),(128,3,'2020-05-26 13:10:36','1.0'),(129,2,'2020-05-26 13:10:42','33.87'),(130,3,'2020-05-26 13:11:23','1.0'),(131,2,'2020-05-26 13:11:27','114.59'),(132,3,'2020-05-26 13:11:27','1.0'),(133,3,'2020-05-26 13:14:31','1.0'),(134,3,'2020-05-26 13:14:35','1.0'),(135,3,'2020-05-26 13:14:52','1.0'),(136,3,'2020-05-26 13:14:57','1.0'),(137,3,'2020-05-26 13:15:35','1.0'),(138,2,'2020-05-26 13:15:39',''),(139,3,'2020-05-26 13:15:39','1.0'),(140,2,'2020-05-26 13:15:43',''),(141,3,'2020-05-26 13:16:15','1.0'),(142,2,'2020-05-26 13:16:19','834.01'),(143,3,'2020-05-26 13:16:19','1.0'),(144,3,'2020-05-26 14:21:17','1.0'),(145,3,'2020-05-26 14:21:55','1.0'),(146,3,'2020-05-26 14:22:42','1.0'),(147,2,'2020-05-26 14:22:47','106.29857778549194'),(148,3,'2020-05-26 14:22:47','1.0'),(149,2,'2020-05-26 14:22:51','106.70746564865112'),(150,3,'2020-05-26 14:24:27','1.0'),(151,3,'2020-05-26 14:24:27','1.0'),(152,2,'2020-05-26 14:25:41','106.35173320770264'),(153,2,'2020-05-26 14:25:46','106.73199892044067'),(154,3,'2020-05-26 14:26:37','1.0'),(155,2,'2020-05-26 14:26:42','106.35173320770264'),(156,3,'2020-05-26 14:26:42','1.0'),(157,2,'2020-05-26 14:26:47','105.1209807395935'),(158,3,'2020-05-26 20:16:55','1.0'),(159,2,'2020-05-26 20:17:00','50.98831653594971'),(160,3,'2020-05-26 20:17:03','1.0'),(161,2,'2020-05-26 20:17:08','50.117385387420654'),(162,3,'2020-05-27 08:01:33','1.0'),(163,2,'2020-05-27 08:01:37','51.53622627258301'),(164,3,'2020-05-27 08:01:40','1.0'),(165,2,'2020-05-27 08:01:45','50.6939172744751'),(166,3,'2020-05-27 08:29:00','1.0'),(167,3,'2020-05-27 08:29:00','1.0'),(168,2,'2020-05-27 08:29:05','29.186415672302246'),(169,2,'2020-05-27 08:29:05','29.17006015777588'),(170,3,'2020-05-27 08:29:05','1.0'),(171,3,'2020-05-27 08:29:05','1.0'),(172,2,'2020-05-27 08:29:10','29.17414903640747'),(173,2,'2020-05-27 08:29:10','29.210948944091797'),(174,3,'2020-05-27 08:34:01','1.0'),(175,3,'2020-05-27 08:34:01','1.0'),(176,2,'2020-05-27 08:34:06','11.052238941192627'),(177,2,'2020-05-27 08:34:06','11.023616790771484'),(178,3,'2020-05-27 08:34:06','1.0'),(179,3,'2020-05-27 08:34:06','1.0'),(180,2,'2020-05-27 08:34:11','28.7611722946167'),(181,2,'2020-05-27 08:34:11','29.157793521881104'),(182,3,'2020-05-27 08:34:51','1.0'),(183,3,'2020-05-27 08:34:51','1.0'),(184,2,'2020-05-27 08:34:57','2438.3986830711365'),(185,2,'2020-05-27 08:34:57','2438.402771949768'),(186,3,'2020-05-27 08:34:57','1.0'),(187,3,'2020-05-27 08:34:57','1.0'),(188,2,'2020-05-27 08:35:02','2429.6934604644775'),(189,2,'2020-05-27 08:35:02','2135.5722427368164'),(190,3,'2020-05-27 08:35:24','1.0'),(191,3,'2020-05-27 08:35:24','1.0'),(192,2,'2020-05-27 08:35:29','109.23439264297485'),(193,2,'2020-05-27 08:35:29','106.64613246917725'),(194,3,'2020-05-27 08:35:29','1.0'),(195,3,'2020-05-27 08:35:29','1.0'),(196,2,'2020-05-27 08:35:34','109.23439264297485'),(197,2,'2020-05-27 08:35:34','109.6596360206604'),(198,3,'2020-05-27 08:35:52','1.0'),(199,3,'2020-05-27 08:35:52','1.0'),(200,2,'2020-05-27 08:35:57','109.55332517623901'),(201,2,'2020-05-27 08:35:57','109.54923629760742'),(202,3,'2020-05-27 08:35:57','1.0'),(203,3,'2020-05-27 08:35:57','1.0'),(204,2,'2020-05-27 08:36:02','109.98265743255615'),(205,2,'2020-05-27 08:36:02','109.97856855392456'),(206,3,'2020-05-27 08:36:21','1.0'),(207,3,'2020-05-27 08:36:21','1.0'),(208,2,'2020-05-27 08:36:26','30.22090196609497'),(209,2,'2020-05-27 08:36:26','45.635974407196045'),(210,3,'2020-05-27 08:36:26','1.0'),(211,3,'2020-05-27 08:36:26','1.0'),(212,2,'2020-05-27 08:36:31','46.821749210357666'),(213,2,'2020-05-27 08:36:31','47.185659408569336'),(214,3,'2020-05-27 08:38:43','1.0'),(215,3,'2020-05-27 08:38:43','1.0'),(216,2,'2020-05-27 08:38:47','30.3558349609375'),(217,2,'2020-05-27 08:38:47','30.364012718200684'),(218,3,'2020-05-27 08:38:48','1.0'),(219,3,'2020-05-27 08:38:48','1.0'),(220,2,'2020-05-27 08:38:52','30.368101596832275'),(221,2,'2020-05-27 08:38:52','30.347657203674316'),(222,3,'2020-05-27 08:39:10','1.0'),(223,3,'2020-05-27 08:39:10','1.0'),(224,2,'2020-05-27 08:39:15','30.752456188201904'),(225,2,'2020-05-27 08:39:15','30.748367309570312'),(226,3,'2020-05-27 08:39:15','1.0'),(227,3,'2020-05-27 08:39:15','1.0'),(228,2,'2020-05-27 08:39:20','30.368101596832275'),(229,2,'2020-05-27 08:39:20','46.498727798461914'),(230,3,'2020-05-27 08:39:33','1.0'),(231,3,'2020-05-27 08:39:33','1.0'),(232,2,'2020-05-27 08:39:38','109.41839218139648'),(233,2,'2020-05-27 08:39:38','109.42248106002808'),(234,3,'2020-05-27 08:39:38','1.0'),(235,3,'2020-05-27 08:39:38','1.0'),(236,2,'2020-05-27 08:39:43','76.12674236297607'),(237,2,'2020-05-27 08:39:43','76.1635422706604'),(238,3,'2020-05-27 08:39:49','1.0'),(239,3,'2020-05-27 08:39:49','1.0'),(240,2,'2020-05-27 08:39:54','46.46601676940918'),(241,2,'2020-05-27 08:39:54','46.43739461898804'),(242,3,'2020-05-27 08:39:54','1.0'),(243,3,'2020-05-27 08:39:54','1.0'),(244,2,'2020-05-27 08:39:59','46.56414985656738'),(245,2,'2020-05-27 08:39:59','46.60912752151489'),(246,3,'2020-05-27 08:40:06','1.0'),(247,3,'2020-05-27 08:40:06','1.0'),(248,2,'2020-05-27 08:40:11','109.42248106002808'),(249,2,'2020-05-27 08:40:11','101.34694576263428'),(250,3,'2020-05-27 08:40:11','1.0'),(251,3,'2020-05-27 08:40:11','1.0'),(252,2,'2020-05-27 08:40:16','109.04630422592163'),(253,2,'2020-05-27 08:40:16','109.06674861907959'),(254,3,'2020-05-27 08:40:23','1.0'),(255,3,'2020-05-27 08:40:23','1.0'),(256,2,'2020-05-27 08:40:27','31.005966663360596'),(257,2,'2020-05-27 08:40:27','31.010055541992188'),(258,3,'2020-05-27 08:40:28','1.0'),(259,3,'2020-05-27 08:40:28','1.0'),(260,2,'2020-05-27 08:40:32','108.52701663970947'),(261,2,'2020-05-27 08:40:32','108.5638165473938'),(262,3,'2020-05-27 08:43:57','1.0'),(263,3,'2020-05-27 08:43:57','1.0'),(264,2,'2020-05-27 08:44:02','109.7618579864502'),(265,2,'2020-05-27 08:44:02','108.93999338150024'),(266,3,'2020-05-27 08:44:02','1.0'),(267,3,'2020-05-27 08:44:02','1.0'),(268,2,'2020-05-27 08:44:07','109.04221534729004'),(269,2,'2020-05-27 08:44:07','109.05039310455322'),(270,3,'2020-05-27 08:47:46','1.0'),(271,3,'2020-05-27 08:47:46','1.0'),(272,2,'2020-05-27 08:47:51','113.42958211898804'),(273,2,'2020-05-27 08:47:51','113.41322660446167'),(274,3,'2020-05-27 08:47:51','1.0'),(275,3,'2020-05-27 08:47:51','1.0'),(276,2,'2020-05-27 08:47:56','41.837406158447266'),(277,2,'2020-05-27 08:47:56','41.97642803192139'),(278,3,'2020-05-27 08:48:24','1.0'),(279,3,'2020-05-27 08:48:24','1.0'),(280,2,'2020-05-27 08:48:29','109.83136892318726'),(281,2,'2020-05-27 08:48:29','108.98497104644775'),(282,3,'2020-05-27 08:48:29','1.0'),(283,3,'2020-05-27 08:48:29','1.0'),(284,2,'2020-05-27 08:48:34','93.03834438323975'),(285,2,'2020-05-27 08:48:34','95.72473764419556'),(286,3,'2020-05-27 08:48:42','1.0'),(287,3,'2020-05-27 08:48:42','1.0'),(288,2,'2020-05-27 08:48:47','52.190446853637695'),(289,2,'2020-05-27 08:48:47','52.52164602279663'),(290,3,'2020-05-27 08:48:47','1.0'),(291,3,'2020-05-27 08:48:47','1.0'),(292,2,'2020-05-27 08:48:52','35.90853214263916'),(293,2,'2020-05-27 08:48:52','35.965776443481445'),(294,3,'2020-05-27 08:48:59','1.0'),(295,3,'2020-05-27 08:48:59','1.0'),(296,2,'2020-05-27 08:49:03','86.36938333511353'),(297,2,'2020-05-27 08:49:03','85.95231771469116'),(298,3,'2020-05-27 08:49:04','1.0'),(299,3,'2020-05-27 08:49:04','1.0'),(300,2,'2020-05-27 08:49:08','108.57199430465698'),(301,2,'2020-05-27 08:49:08','108.54746103286743'),(302,3,'2020-05-27 11:00:27','1.0'),(303,3,'2020-05-27 11:00:27','1.0'),(304,2,'2020-05-27 11:00:32','108.86639356613159'),(305,2,'2020-05-27 11:00:32','108.89092683792114'),(306,3,'2020-05-27 11:00:47','1.0'),(307,3,'2020-05-27 11:00:47','1.0'),(308,2,'2020-05-27 11:00:51','109.20577049255371'),(309,2,'2020-05-27 11:00:51','105.01875877380371'),(310,3,'2020-05-27 11:00:52','1.0'),(311,3,'2020-05-27 11:00:52','1.0'),(312,2,'2020-05-27 11:00:56','107.99137353897095'),(313,2,'2020-05-27 11:00:56','106.68702125549316'),(314,3,'2020-05-27 11:01:04','1.0'),(315,3,'2020-05-27 11:01:04','1.0'),(316,2,'2020-05-27 11:01:09','2282.0644974708557'),(317,2,'2020-05-27 11:01:09','2282.052230834961'),(318,3,'2020-05-27 11:01:09','1.0'),(319,3,'2020-05-27 11:01:09','1.0'),(320,2,'2020-05-27 11:01:14','31.737875938415527'),(321,2,'2020-05-27 11:01:14','31.778764724731445'),(322,3,'2020-05-28 10:12:32','1.0'),(323,3,'2020-05-28 10:12:32','1.0'),(324,2,'2020-05-28 10:12:37','2315.204858779907'),(325,2,'2020-05-28 10:12:37','2316.3824558258057'),(326,3,'2020-05-28 10:12:37','1.0'),(327,3,'2020-05-28 10:12:38','1.0'),(328,2,'2020-05-28 10:12:43','2313.295352458954'),(329,2,'2020-05-28 10:12:43','2313.303530216217'),(330,3,'2020-05-28 10:12:48','1.0'),(331,3,'2020-05-28 10:12:48','1.0'),(332,2,'2020-05-28 10:12:53','2313.4711742401123'),(333,2,'2020-05-28 10:12:53','2313.4670853614807'),(334,3,'2020-05-28 10:12:53','1.0'),(335,3,'2020-05-28 10:12:53','1.0'),(336,2,'2020-05-28 10:12:59','2314.5506381988525'),(337,2,'2020-05-28 10:12:59','2314.566993713379'),(338,3,'2020-05-28 10:13:04','1.0'),(339,3,'2020-05-28 10:13:04','1.0'),(340,2,'2020-05-28 10:13:08','68.32516193389893'),(341,2,'2020-05-28 10:13:08','68.32516193389893'),(342,3,'2020-05-28 10:13:09','1.0'),(343,3,'2020-05-28 10:13:09','1.0'),(344,2,'2020-05-28 10:13:13','67.60143041610718'),(345,2,'2020-05-28 10:13:13','67.55645275115967'),(346,3,'2020-05-28 10:13:49','1.0'),(347,3,'2020-05-28 10:13:49','1.0'),(348,2,'2020-05-28 10:13:54','25.94393491744995'),(349,2,'2020-05-28 10:13:54','25.91531276702881'),(350,3,'2020-05-28 10:13:55','1.0'),(351,3,'2020-05-28 10:13:55','1.0'),(352,2,'2020-05-28 10:13:59','25.911223888397217'),(353,2,'2020-05-28 10:13:59','25.907135009765625'),(354,3,'2020-05-28 10:14:09','1.0'),(355,3,'2020-05-28 10:14:09','1.0'),(356,2,'2020-05-28 10:14:13','67.49920845031738'),(357,2,'2020-05-28 10:14:13','67.8917407989502'),(358,3,'2020-05-28 10:14:14','1.0'),(359,3,'2020-05-28 10:14:14','1.0'),(360,2,'2020-05-28 10:14:18','67.46240854263306'),(361,2,'2020-05-28 10:14:18','68.72178316116333'),(362,3,'2020-05-28 10:14:27','1.0'),(363,3,'2020-05-28 10:14:27','1.0'),(364,2,'2020-05-28 10:14:31','47.74174690246582'),(365,2,'2020-05-28 10:14:31','47.71721363067627'),(366,3,'2020-05-28 10:14:32','1.0'),(367,3,'2020-05-28 10:14:32','1.0'),(368,2,'2020-05-28 10:14:36','47.78672456741333'),(369,2,'2020-05-28 10:14:36','44.54015493392944'),(370,3,'2020-05-28 10:14:47','1.0'),(371,3,'2020-05-28 10:14:47','1.0'),(372,2,'2020-05-28 10:14:51','68.1902289390564'),(373,2,'2020-05-28 10:14:51','68.17796230316162'),(374,3,'2020-05-28 10:14:52','1.0'),(375,3,'2020-05-28 10:14:52','1.0'),(376,2,'2020-05-28 10:14:56','68.6359167098999'),(377,2,'2020-05-28 10:14:56','68.22702884674072'),(378,3,'2020-05-28 10:15:01','1.0'),(379,3,'2020-05-28 10:15:01','1.0'),(380,2,'2020-05-28 10:15:06','48.23650121688843'),(381,2,'2020-05-28 10:15:06','48.64538908004761'),(382,3,'2020-05-28 10:15:06','1.0'),(383,3,'2020-05-28 10:15:06','1.0'),(384,2,'2020-05-28 10:15:11','48.25694561004639'),(385,2,'2020-05-28 10:15:11','48.26103448867798'),(386,3,'2020-05-28 13:47:59','1.0'),(387,3,'2020-05-28 13:47:59','1.0'),(388,2,'2020-05-28 13:48:00','37.50319480895996'),(389,2,'2020-05-28 13:48:00','35.70408821105957'),(390,3,'2020-05-28 13:48:00','1.0'),(391,3,'2020-05-28 13:48:00','1.0'),(392,2,'2020-05-28 13:48:01','37.445950508117676'),(393,2,'2020-05-28 13:48:01','35.69999933242798'),(394,3,'2020-05-28 13:52:34','1.0'),(395,2,'2020-05-28 13:52:35','15.055251121520996'),(396,3,'2020-05-28 13:52:35','1.0'),(397,2,'2020-05-28 13:52:36','13.963520526885986'),(398,3,'2020-05-28 13:53:11','1.0'),(399,2,'2020-05-28 13:53:12','49.99063014984131'),(400,3,'2020-05-28 13:53:12','1.0'),(401,2,'2020-05-28 13:53:13','39.126479625701904'),(402,3,'2020-05-28 13:53:21','1.0'),(403,2,'2020-05-28 13:53:22','20.239949226379395'),(404,3,'2020-05-28 13:53:22','1.0'),(405,2,'2020-05-28 13:53:23','19.283151626586914'),(406,3,'2020-05-28 13:53:26','1.0'),(407,2,'2020-05-28 13:53:27','10.843706130981445'),(408,3,'2020-05-28 13:53:27','1.0'),(409,2,'2020-05-28 13:53:28','9.772419929504395'),(410,3,'2020-05-28 13:54:28','1.0'),(411,3,'2020-05-28 13:54:28','1.0'),(412,2,'2020-05-28 13:54:28','49.99063014984131'),(413,2,'2020-05-28 13:54:28','37.879371643066406'),(414,3,'2020-05-28 13:54:29','1.0'),(415,3,'2020-05-28 13:54:29','1.0'),(416,2,'2020-05-28 13:54:30','38.308703899383545'),(417,2,'2020-05-28 13:54:30','48.318278789520264'),(418,3,'2020-05-28 13:54:34','1.0'),(419,3,'2020-05-28 13:54:34','1.0'),(420,2,'2020-05-28 13:54:35','10.10361909866333'),(421,2,'2020-05-28 13:54:35','10.10361909866333'),(422,3,'2020-05-28 13:54:36','1.0'),(423,3,'2020-05-28 13:54:36','1.0'),(424,2,'2020-05-28 13:54:36','13.088500499725342'),(425,2,'2020-05-28 13:54:36','13.080322742462158'),(426,3,'2020-05-28 13:55:24','1.0'),(427,2,'2020-05-28 13:55:24','15.680849552154541'),(428,3,'2020-05-28 13:55:24','1.0'),(429,2,'2020-05-28 13:55:25','14.282453060150146'),(430,3,'2020-05-28 13:55:48','1.0'),(431,2,'2020-05-28 13:55:49','9.383976459503174'),(432,3,'2020-05-28 13:55:50','1.0'),(433,2,'2020-05-28 13:55:50','10.418462753295898'),(434,3,'2020-05-28 13:56:15','1.0'),(435,2,'2020-05-28 13:56:16','49.97427463531494'),(436,3,'2020-05-28 13:56:16','1.0'),(437,2,'2020-05-28 13:56:17','37.86710500717163'),(438,3,'2020-05-28 14:01:04','1.0'),(439,2,'2020-05-28 14:01:05','37.90390491485596'),(440,3,'2020-05-28 14:01:06','1.0'),(441,2,'2020-05-28 14:01:06','37.87119388580322'),(442,3,'2020-05-28 14:01:38','1.0'),(443,2,'2020-05-28 14:01:38','37.875282764434814'),(444,3,'2020-05-28 14:01:39','1.0'),(445,2,'2020-05-28 14:01:39','37.86710500717163'),(446,3,'2020-05-28 14:01:50','1.0'),(447,2,'2020-05-28 14:01:51','37.89572715759277'),(448,3,'2020-05-28 14:01:51','1.0'),(449,2,'2020-05-28 14:01:52','37.879371643066406'),(450,1,'2020-06-04 12:06:59','20.783770084381104'),(451,2,'2020-06-04 12:07:00','19.446706771850586'),(452,1,'2020-06-04 12:08:27','9.461665153503418'),(453,2,'2020-06-04 12:08:28','8.787000179290771'),(454,1,'2020-06-04 12:09:23','8.975088596343994'),(455,2,'2020-06-04 12:09:24','25.809001922607422'),(456,1,'2020-06-04 12:10:29','8.970999717712402'),(457,2,'2020-06-04 12:10:30','25.813090801239014'),(458,1,'2020-06-04 12:11:09','27.215576171875'),(459,2,'2020-06-04 12:11:10','30.556190013885498'),(460,1,'2020-06-04 12:12:34','100'),(461,1,'2020-06-04 12:12:44','103'),(462,2,'2020-06-04 12:12:53','20'),(463,1,'2020-06-05 09:36:11','15.762627124786377'),(464,2,'2020-06-05 09:36:12','14.711785316467285'),(465,1,'2020-06-05 09:36:19','10.07908582687378'),(466,2,'2020-06-05 09:36:19','25.608646869659424'),(467,1,'2020-06-05 13:13:29','102'),(468,2,'2020-06-09 09:02:52','9.130465984344482'),(469,2,'2020-06-09 09:02:59','27.403664588928223'),(470,2,'2020-06-09 09:03:03','92.28599071502686'),(471,1,'2020-06-09 09:05:06','107.22675323486328'),(472,2,'2020-06-09 09:05:06','157.32778310775757'),(473,1,'2020-06-09 09:05:42','12.422013282775879'),(474,2,'2020-06-09 09:05:42','157.73258209228516'),(475,2,'2020-06-10 15:47:36','29.730236530303955'),(476,2,'2020-06-10 15:47:39','86.14858388900757'),(477,2,'2020-06-10 15:47:47','24.89309310913086'),(478,2,'2020-06-10 15:49:57','32.53520727157593'),(479,2,'2020-06-10 15:49:59','25.130248069763184'),(480,2,'2020-06-10 15:50:01','14.04120922088623'),(481,2,'2020-06-10 15:50:03','100.19797086715698'),(482,2,'2020-06-13 08:34:45','27.411842346191406'),(483,2,'2020-06-13 08:35:01','59.16198492050171'),(484,2,'2020-06-13 08:35:07','27.653086185455322'),(485,2,'2020-06-13 09:21:19','29.799747467041016'),(486,2,'2020-06-13 09:21:28','122.02849388122559'),(487,2,'2020-06-13 09:21:37','8.120512962341309'),(488,2,'2020-06-13 09:21:40','8.112335205078125'),(489,2,'2020-06-13 09:21:45','30.96916675567627'),(490,2,'2020-06-13 10:06:07','22.750520706176758'),(491,2,'2020-06-13 10:08:53','23.159408569335938'),(492,2,'2020-06-13 10:08:59','11.694192886352539');
/*!40000 ALTER TABLE `historiek` ENABLE KEYS */;
UNLOCK TABLES;

--
-- Table structure for table `mand`
--

DROP TABLE IF EXISTS `mand`;
/*!40101 SET @saved_cs_client     = @@character_set_client */;
/*!40101 SET character_set_client = utf8 */;
CREATE TABLE `mand` (
  `Id` int(11) NOT NULL AUTO_INCREMENT,
  `SensorId` int(11) NOT NULL,
  `Breedte` float NOT NULL,
  `Lengte` float NOT NULL,
  `MaxHoogte` float NOT NULL,
  `BottomServoId` int(11) NOT NULL,
  `TopServoId` int(11) NOT NULL,
  `Beschrijving` varchar(100) NOT NULL,
  PRIMARY KEY (`Id`),
  KEY `AfstandsSensorFK_idx` (`SensorId`),
  KEY `BottomServoFK_idx` (`BottomServoId`),
  KEY `TopServoFK_idx` (`TopServoId`),
  CONSTRAINT `AfstandsSensorFK` FOREIGN KEY (`SensorId`) REFERENCES `component` (`Id`),
  CONSTRAINT `BottomServoFK` FOREIGN KEY (`BottomServoId`) REFERENCES `component` (`Id`),
  CONSTRAINT `TopServoFK` FOREIGN KEY (`TopServoId`) REFERENCES `component` (`Id`)
) ENGINE=InnoDB AUTO_INCREMENT=3 DEFAULT CHARSET=utf8mb4 COMMENT='wasmand.\nSensorId = Afstandssensor\nBottomServoId = Servo motor die het onderluik controleert\nTopServoId = Servo motor die het bovenluid controleert\n		In software bepaal ik dan de andere top servo voor het val-mechanisme';
/*!40101 SET character_set_client = @saved_cs_client */;

--
-- Dumping data for table `mand`
--

LOCK TABLES `mand` WRITE;
/*!40000 ALTER TABLE `mand` DISABLE KEYS */;
INSERT INTO `mand` VALUES (1,1,20,20,150,6,7,'bleek'),(2,2,20,20,150,8,9,'donker');
/*!40000 ALTER TABLE `mand` ENABLE KEYS */;
UNLOCK TABLES;

--
-- Table structure for table `notificatie`
--

DROP TABLE IF EXISTS `notificatie`;
/*!40101 SET @saved_cs_client     = @@character_set_client */;
/*!40101 SET character_set_client = utf8 */;
CREATE TABLE `notificatie` (
  `Volgnummer` int(11) NOT NULL AUTO_INCREMENT,
  `Niveau` varchar(45) NOT NULL,
  `Bericht` varchar(345) NOT NULL,
  `Tijdstip` timestamp NOT NULL DEFAULT current_timestamp(),
  `Gezien` bit(1) DEFAULT b'0',
  `Verwijderd` bit(1) DEFAULT b'0',
  PRIMARY KEY (`Volgnummer`)
) ENGINE=InnoDB AUTO_INCREMENT=21 DEFAULT CHARSET=utf8mb4 COMMENT='Hierin worden automatisch notificaties gemaakt na bepaalde events';
/*!40101 SET character_set_client = @saved_cs_client */;

--
-- Dumping data for table `notificatie`
--

LOCK TABLES `notificatie` WRITE;
/*!40000 ALTER TABLE `notificatie` DISABLE KEYS */;
INSERT INTO `notificatie` VALUES (1,'warning','Wasproduct volume onder 15ml','2020-05-28 07:45:43','','\0'),(2,'error','Connectie verloren met de afstandssensor boven bleek','2020-05-28 07:45:43','',''),(3,'warning','Bleke was zit voor 90% vol','2020-05-28 09:21:09','','\0'),(4,'ok','Connectie hersteld met de afstandssensor boven bleek','2020-05-28 09:48:48','',''),(10,'warning','Donkere was zit voor 90% vol','2020-05-28 13:53:27','',''),(11,'warning','Donkere was zit voor 90% vol','2020-05-28 13:53:28','',''),(12,'warning','Donkere was zit voor 90% vol','2020-05-28 13:54:35','',''),(13,'warning','Donkere was zit voor 90% vol','2020-05-28 13:54:35','',''),(14,'warning','Donkere was zit voor 90% vol','2020-05-28 13:54:37','',''),(15,'warning','Donkere was zit voor 90% vol','2020-05-28 13:54:37','',''),(16,'warning','Donkere was zit voor 90.47836462656656% vol','2020-05-28 13:55:25','',''),(17,'warning','Donkere was zit voor 93% vol','2020-05-28 13:55:49','',''),(18,'warning','Donkere was zit voor 93% vol','2020-05-28 13:55:51','',''),(19,'info','test','2020-06-02 14:38:14','',''),(20,'info','test','2020-06-04 12:57:20','','');
/*!40000 ALTER TABLE `notificatie` ENABLE KEYS */;
UNLOCK TABLES;

--
-- Table structure for table `programma`
--

DROP TABLE IF EXISTS `programma`;
/*!40101 SET @saved_cs_client     = @@character_set_client */;
/*!40101 SET character_set_client = utf8 */;
CREATE TABLE `programma` (
  `Id` int(11) NOT NULL AUTO_INCREMENT,
  `Duurtijd` int(11) NOT NULL,
  `Temperatuur` int(11) NOT NULL,
  `HoeveelheidProduct` int(11) NOT NULL,
  `Naam` varchar(100) NOT NULL,
  `Verwijderd` bit(1) DEFAULT b'0',
  PRIMARY KEY (`Id`)
) ENGINE=InnoDB AUTO_INCREMENT=18 DEFAULT CHARSET=utf8mb4 COMMENT='wasprogramma';
/*!40101 SET character_set_client = @saved_cs_client */;

--
-- Dumping data for table `programma`
--

LOCK TABLES `programma` WRITE;
/*!40000 ALTER TABLE `programma` DISABLE KEYS */;
INSERT INTO `programma` VALUES (1,160,60,55,'Katoen 60°','\0'),(2,180,40,40,'Katoen 40°','\0'),(3,130,60,0,'Easy Care','\0'),(4,150,60,0,'Eco','\0'),(5,130,30,0,'Delicaat','\0'),(6,130,20,0,'Wol','\0'),(11,70,50,0,'Kort',''),(12,180,60,58,'Katoen 60°',''),(13,180,60,50,'Katoen 60°',''),(14,180,60,45,'Katoen 60° 45ml',''),(15,180,100,50,'Katoen 60° - warm',''),(16,105,90,40,'Katoen 90°',''),(17,127,68,39,'testjee','');
/*!40000 ALTER TABLE `programma` ENABLE KEYS */;
UNLOCK TABLES;

--
-- Temporary table structure for view `vwcomponentdetails`
--

DROP TABLE IF EXISTS `vwcomponentdetails`;
/*!50001 DROP VIEW IF EXISTS `vwcomponentdetails`*/;
SET @saved_cs_client     = @@character_set_client;
SET character_set_client = utf8;
/*!50001 CREATE TABLE `vwcomponentdetails` (
  `Id` tinyint NOT NULL,
  `Eenheid` tinyint NOT NULL,
  `Model` tinyint NOT NULL,
  `Beschrijving` tinyint NOT NULL,
  `Type` tinyint NOT NULL,
  `Prijs` tinyint NOT NULL
) ENGINE=MyISAM */;
SET character_set_client = @saved_cs_client;

--
-- Temporary table structure for view `vwcurrentlywashing`
--

DROP TABLE IF EXISTS `vwcurrentlywashing`;
/*!50001 DROP VIEW IF EXISTS `vwcurrentlywashing`*/;
SET @saved_cs_client     = @@character_set_client;
SET character_set_client = utf8;
/*!50001 CREATE TABLE `vwcurrentlywashing` (
  `Volgnummer` tinyint NOT NULL,
  `Beschrijving` tinyint NOT NULL,
  `Remaining` tinyint NOT NULL,
  `Naam` tinyint NOT NULL,
  `Start` tinyint NOT NULL,
  `Eind` tinyint NOT NULL,
  `Begonnen` tinyint NOT NULL,
  `MandId` tinyint NOT NULL
) ENGINE=MyISAM */;
SET character_set_client = @saved_cs_client;

--
-- Temporary table structure for view `vwcurrentpercentage`
--

DROP TABLE IF EXISTS `vwcurrentpercentage`;
/*!50001 DROP VIEW IF EXISTS `vwcurrentpercentage`*/;
SET @saved_cs_client     = @@character_set_client;
SET character_set_client = utf8;
/*!50001 CREATE TABLE `vwcurrentpercentage` (
  `donker` tinyint NOT NULL,
  `bleek` tinyint NOT NULL
) ENGINE=MyISAM */;
SET character_set_client = @saved_cs_client;

--
-- Temporary table structure for view `vwcurrentvolume`
--

DROP TABLE IF EXISTS `vwcurrentvolume`;
/*!50001 DROP VIEW IF EXISTS `vwcurrentvolume`*/;
SET @saved_cs_client     = @@character_set_client;
SET character_set_client = utf8;
/*!50001 CREATE TABLE `vwcurrentvolume` (
  `donker` tinyint NOT NULL,
  `bleek` tinyint NOT NULL
) ENGINE=MyISAM */;
SET character_set_client = @saved_cs_client;

--
-- Temporary table structure for view `vwhistoriekdetails`
--

DROP TABLE IF EXISTS `vwhistoriekdetails`;
/*!50001 DROP VIEW IF EXISTS `vwhistoriekdetails`*/;
SET @saved_cs_client     = @@character_set_client;
SET character_set_client = utf8;
/*!50001 CREATE TABLE `vwhistoriekdetails` (
  `Tijdstip` tinyint NOT NULL,
  `Waarde` tinyint NOT NULL,
  `Eenheid` tinyint NOT NULL,
  `Component` tinyint NOT NULL,
  `Operatie` tinyint NOT NULL
) ENGINE=MyISAM */;
SET character_set_client = @saved_cs_client;

--
-- Temporary table structure for view `vwnotificaties`
--

DROP TABLE IF EXISTS `vwnotificaties`;
/*!50001 DROP VIEW IF EXISTS `vwnotificaties`*/;
SET @saved_cs_client     = @@character_set_client;
SET character_set_client = utf8;
/*!50001 CREATE TABLE `vwnotificaties` (
  `Niveau` tinyint NOT NULL,
  `Bericht` tinyint NOT NULL,
  `Tijdstip` tinyint NOT NULL,
  `Gezien` tinyint NOT NULL,
  `Volgnummer` tinyint NOT NULL,
  `Verwijderd` tinyint NOT NULL
) ENGINE=MyISAM */;
SET character_set_client = @saved_cs_client;

--
-- Temporary table structure for view `vwwashistoriekdetails`
--

DROP TABLE IF EXISTS `vwwashistoriekdetails`;
/*!50001 DROP VIEW IF EXISTS `vwwashistoriekdetails`*/;
SET @saved_cs_client     = @@character_set_client;
SET character_set_client = utf8;
/*!50001 CREATE TABLE `vwwashistoriekdetails` (
  `Tijdstip` tinyint NOT NULL,
  `Type kleren` tinyint NOT NULL,
  `Programma` tinyint NOT NULL,
  `Temperatuur` tinyint NOT NULL,
  `Product` tinyint NOT NULL,
  `Duurtijd` tinyint NOT NULL
) ENGINE=MyISAM */;
SET character_set_client = @saved_cs_client;

--
-- Temporary table structure for view `vwwashistoriekgrafiek`
--

DROP TABLE IF EXISTS `vwwashistoriekgrafiek`;
/*!50001 DROP VIEW IF EXISTS `vwwashistoriekgrafiek`*/;
SET @saved_cs_client     = @@character_set_client;
SET character_set_client = utf8;
/*!50001 CREATE TABLE `vwwashistoriekgrafiek` (
  `Dag` tinyint NOT NULL,
  `Aantal wassen` tinyint NOT NULL,
  `Beschrijving` tinyint NOT NULL
) ENGINE=MyISAM */;
SET character_set_client = @saved_cs_client;

--
-- Table structure for table `washistoriek`
--

DROP TABLE IF EXISTS `washistoriek`;
/*!40101 SET @saved_cs_client     = @@character_set_client */;
/*!40101 SET character_set_client = utf8 */;
CREATE TABLE `washistoriek` (
  `Volgnummer` int(11) NOT NULL AUTO_INCREMENT,
  `ProgrammaId` int(11) NOT NULL,
  `MandId` int(11) NOT NULL,
  `Tijdstip` timestamp NOT NULL DEFAULT current_timestamp(),
  `Geannuleerd` bit(1) DEFAULT b'0',
  `Begonnen` bit(1) DEFAULT b'0' COMMENT 'Extra veld om te weten of de was al begonnen is. Dit wordt gebruikt om de wassequentie in gang te zetten. Ik kan niet zomaar vertrouwen op de timestamps. Als het nu later is dan de starttijd, moet het programma beginnen, maar als het reeds begonnen is moet het niet opnieuw beginnen. Er moet dus ergens bijgehouden worden welke wassen reeds effectief begonnen zijn.',
  PRIMARY KEY (`Volgnummer`),
  KEY `ProgrammaFK_idx` (`ProgrammaId`),
  KEY `MandFK_idx` (`MandId`),
  CONSTRAINT `MandFK` FOREIGN KEY (`MandId`) REFERENCES `mand` (`Id`),
  CONSTRAINT `ProgrammaFK` FOREIGN KEY (`ProgrammaId`) REFERENCES `programma` (`Id`)
) ENGINE=InnoDB AUTO_INCREMENT=77 DEFAULT CHARSET=utf8mb4 COMMENT='Historiek van de gedraaide wassen.';
/*!40101 SET character_set_client = @saved_cs_client */;

--
-- Dumping data for table `washistoriek`
--

LOCK TABLES `washistoriek` WRITE;
/*!40000 ALTER TABLE `washistoriek` DISABLE KEYS */;
INSERT INTO `washistoriek` VALUES (1,1,2,'2020-05-25 07:52:42','\0','\0'),(2,1,2,'2020-05-25 07:52:52','\0','\0'),(3,1,2,'2020-05-25 07:52:56','\0','\0'),(4,3,1,'2020-05-25 07:53:01','\0','\0'),(5,3,1,'2020-05-25 07:53:02','\0','\0'),(6,3,1,'2020-05-25 07:53:03','\0','\0'),(7,4,2,'2020-05-27 17:33:29','\0','\0'),(8,3,2,'2020-05-27 17:33:33','\0','\0'),(9,3,1,'2020-05-27 17:33:36','\0','\0'),(10,5,1,'2020-05-27 17:33:39','\0','\0'),(11,5,1,'2020-05-27 17:33:39','\0','\0'),(12,5,1,'2020-05-27 17:33:40','\0','\0'),(13,5,2,'2020-05-27 17:33:43','\0','\0'),(14,3,2,'2020-05-27 17:33:47','\0','\0'),(15,2,2,'2020-05-27 17:33:49','\0','\0'),(16,2,2,'2020-05-27 17:34:15','\0','\0'),(17,2,2,'2020-05-27 17:34:16','\0','\0'),(18,2,2,'2020-05-27 17:34:16','\0','\0'),(19,2,2,'2020-05-27 17:34:16','\0','\0'),(20,2,2,'2020-05-27 17:34:16','\0','\0'),(21,2,2,'2020-05-27 17:34:16','\0','\0'),(22,2,2,'2020-05-27 17:34:16','\0','\0'),(23,2,2,'2020-05-27 17:34:17','\0','\0'),(24,2,2,'2020-05-27 17:34:17','\0','\0'),(25,2,2,'2020-05-27 17:34:17','\0','\0'),(33,6,1,'2020-06-02 21:00:11','','\0'),(34,4,2,'2020-06-02 20:51:11','','\0'),(35,4,2,'2020-06-03 08:48:39','','\0'),(36,4,1,'2020-06-03 08:24:44','','\0'),(37,4,2,'2020-06-03 08:26:04','','\0'),(38,5,1,'2020-06-03 08:39:16','','\0'),(39,4,2,'2020-06-04 07:16:45','','\0'),(40,5,2,'2020-06-04 07:51:59','','\0'),(41,4,2,'2020-06-04 08:06:47','','\0'),(42,4,2,'2020-06-04 08:06:47','','\0'),(43,3,2,'2020-06-04 08:30:40','','\0'),(44,4,2,'2020-06-04 08:05:56','','\0'),(45,2,2,'2020-06-04 08:02:28','','\0'),(46,2,2,'2020-06-04 08:13:57','','\0'),(47,2,2,'2020-06-04 08:18:08','','\0'),(48,2,2,'2020-06-04 08:31:04','','\0'),(49,2,2,'2020-06-04 08:41:45','','\0'),(50,4,2,'2020-06-04 08:55:54','','\0'),(51,4,1,'2020-06-04 09:23:24','','\0'),(52,4,2,'2020-06-04 09:24:50','','\0'),(53,2,2,'2020-06-04 09:25:07','','\0'),(54,3,1,'2020-06-04 09:14:25','','\0'),(55,4,2,'2020-06-04 10:01:32','','\0'),(56,4,2,'2020-06-04 11:01:02','','\0'),(57,3,1,'2020-06-04 11:15:27','','\0'),(58,6,2,'2020-06-04 11:14:42','','\0'),(59,4,2,'2020-06-04 11:24:40','','\0'),(60,5,2,'2020-06-04 11:25:52','','\0'),(61,3,2,'2020-06-04 11:22:23','','\0'),(62,1,2,'2020-06-04 11:27:44','','\0'),(63,3,2,'2020-06-04 13:00:42','','\0'),(64,3,1,'2020-06-04 13:09:24','','\0'),(65,1,2,'2020-06-04 14:05:15','',''),(66,4,2,'2020-06-04 16:11:00','','\0'),(67,3,2,'2020-06-05 10:00:20','','\0'),(68,1,2,'2020-06-05 13:15:54','','\0'),(69,3,1,'2020-06-05 13:31:38','','\0'),(70,4,2,'2020-06-05 20:50:07','','\0'),(71,2,2,'2020-06-09 07:40:13','','\0'),(72,5,2,'2020-06-09 08:11:41','','\0'),(73,1,1,'2020-06-09 21:18:07','','\0'),(74,2,1,'2020-06-11 12:00:13','','\0'),(75,3,1,'2020-06-11 12:30:57','','\0'),(76,4,1,'2020-06-11 12:29:48','','\0');
/*!40000 ALTER TABLE `washistoriek` ENABLE KEYS */;
UNLOCK TABLES;

--
-- Final view structure for view `vwcomponentdetails`
--

/*!50001 DROP TABLE IF EXISTS `vwcomponentdetails`*/;
/*!50001 DROP VIEW IF EXISTS `vwcomponentdetails`*/;
/*!50001 SET @saved_cs_client          = @@character_set_client */;
/*!50001 SET @saved_cs_results         = @@character_set_results */;
/*!50001 SET @saved_col_connection     = @@collation_connection */;
/*!50001 SET character_set_client      = utf8mb4 */;
/*!50001 SET character_set_results     = utf8mb4 */;
/*!50001 SET collation_connection      = utf8mb4_general_ci */;
/*!50001 CREATE ALGORITHM=UNDEFINED */
/*!50013 DEFINER=`root`@`localhost` SQL SECURITY DEFINER */
/*!50001 VIEW `vwcomponentdetails` AS select `c`.`Id` AS `Id`,`c`.`Eenheid` AS `Eenheid`,`c`.`Model` AS `Model`,`c`.`Beschrijving` AS `Beschrijving`,`d`.`Type` AS `Type`,`d`.`Prijs` AS `Prijs` from (`component` `c` join `details` `d` on(`d`.`Model` = `c`.`Model`)) order by `d`.`Prijs` desc */;
/*!50001 SET character_set_client      = @saved_cs_client */;
/*!50001 SET character_set_results     = @saved_cs_results */;
/*!50001 SET collation_connection      = @saved_col_connection */;

--
-- Final view structure for view `vwcurrentlywashing`
--

/*!50001 DROP TABLE IF EXISTS `vwcurrentlywashing`*/;
/*!50001 DROP VIEW IF EXISTS `vwcurrentlywashing`*/;
/*!50001 SET @saved_cs_client          = @@character_set_client */;
/*!50001 SET @saved_cs_results         = @@character_set_results */;
/*!50001 SET @saved_col_connection     = @@collation_connection */;
/*!50001 SET character_set_client      = utf8mb4 */;
/*!50001 SET character_set_results     = utf8mb4 */;
/*!50001 SET collation_connection      = utf8mb4_general_ci */;
/*!50001 CREATE ALGORITHM=UNDEFINED */
/*!50013 DEFINER=`mysql`@`localhost` SQL SECURITY DEFINER */
/*!50001 VIEW `vwcurrentlywashing` AS select `w`.`Volgnummer` AS `Volgnummer`,`m`.`Beschrijving` AS `Beschrijving`,cast(timestampdiff(MINUTE,current_timestamp(),`w`.`Tijdstip` + interval `p`.`Duurtijd` minute) / `p`.`Duurtijd` * 100 as char charset utf8mb4) AS `Remaining`,`p`.`Naam` AS `Naam`,date_format(`w`.`Tijdstip`,'%H:%i') AS `Start`,date_format(`w`.`Tijdstip` + interval `p`.`Duurtijd` minute,'%H:%i') AS `Eind`,`w`.`Begonnen` AS `Begonnen`,`w`.`MandId` AS `MandId` from ((`mand` `m` join `washistoriek` `w` on(`w`.`MandId` = `m`.`Id`)) join `programma` `p` on(`p`.`Id` = `w`.`ProgrammaId`)) where `w`.`Tijdstip` + interval `p`.`Duurtijd` minute > current_timestamp() and `w`.`Geannuleerd` <> 1 */;
/*!50001 SET character_set_client      = @saved_cs_client */;
/*!50001 SET character_set_results     = @saved_cs_results */;
/*!50001 SET collation_connection      = @saved_col_connection */;

--
-- Final view structure for view `vwcurrentpercentage`
--

/*!50001 DROP TABLE IF EXISTS `vwcurrentpercentage`*/;
/*!50001 DROP VIEW IF EXISTS `vwcurrentpercentage`*/;
/*!50001 SET @saved_cs_client          = @@character_set_client */;
/*!50001 SET @saved_cs_results         = @@character_set_results */;
/*!50001 SET @saved_col_connection     = @@collation_connection */;
/*!50001 SET character_set_client      = utf8mb4 */;
/*!50001 SET character_set_results     = utf8mb4 */;
/*!50001 SET collation_connection      = utf8mb4_general_ci */;
/*!50001 CREATE ALGORITHM=UNDEFINED */
/*!50013 DEFINER=`mysql`@`localhost` SQL SECURITY DEFINER */
/*!50001 VIEW `vwcurrentpercentage` AS select round((1 - `h`.`Waarde` / `m`.`MaxHoogte`) * 100,0) AS `donker`,(select round((1 - `h`.`Waarde` / `m`.`MaxHoogte`) * 100,0) from ((`mand` `m` join `component` `c` on(`c`.`Id` = `m`.`SensorId`)) join `historiek` `h` on(`h`.`ComponentId` = `c`.`Id`)) where `c`.`Id` = 1 order by `h`.`Tijdstip` desc limit 1) AS `bleek` from ((`mand` `m` join `component` `c` on(`c`.`Id` = `m`.`SensorId`)) join `historiek` `h` on(`h`.`ComponentId` = `c`.`Id`)) where `c`.`Id` = 2 order by `h`.`Tijdstip` desc limit 1 */;
/*!50001 SET character_set_client      = @saved_cs_client */;
/*!50001 SET character_set_results     = @saved_cs_results */;
/*!50001 SET collation_connection      = @saved_col_connection */;

--
-- Final view structure for view `vwcurrentvolume`
--

/*!50001 DROP TABLE IF EXISTS `vwcurrentvolume`*/;
/*!50001 DROP VIEW IF EXISTS `vwcurrentvolume`*/;
/*!50001 SET @saved_cs_client          = @@character_set_client */;
/*!50001 SET @saved_cs_results         = @@character_set_results */;
/*!50001 SET @saved_col_connection     = @@collation_connection */;
/*!50001 SET character_set_client      = utf8mb4 */;
/*!50001 SET character_set_results     = utf8mb4 */;
/*!50001 SET collation_connection      = utf8mb4_general_ci */;
/*!50001 CREATE ALGORITHM=UNDEFINED */
/*!50013 DEFINER=`mysql`@`localhost` SQL SECURITY DEFINER */
/*!50001 VIEW `vwcurrentvolume` AS select (`m`.`MaxHoogte` - `h`.`Waarde`) * `m`.`Breedte` * `m`.`Lengte` * 0.001 AS `donker`,(select (`m`.`MaxHoogte` - `h`.`Waarde`) * `m`.`Breedte` * `m`.`Lengte` * 0.001 from ((`mand` `m` join `component` `c` on(`c`.`Id` = `m`.`SensorId`)) join `historiek` `h` on(`h`.`ComponentId` = `c`.`Id`)) where `c`.`Id` = 1 order by `h`.`Tijdstip` desc limit 1) AS `bleek` from ((`mand` `m` join `component` `c` on(`c`.`Id` = `m`.`SensorId`)) join `historiek` `h` on(`h`.`ComponentId` = `c`.`Id`)) where `c`.`Id` = 2 order by `h`.`Tijdstip` desc limit 1 */;
/*!50001 SET character_set_client      = @saved_cs_client */;
/*!50001 SET character_set_results     = @saved_cs_results */;
/*!50001 SET collation_connection      = @saved_col_connection */;

--
-- Final view structure for view `vwhistoriekdetails`
--

/*!50001 DROP TABLE IF EXISTS `vwhistoriekdetails`*/;
/*!50001 DROP VIEW IF EXISTS `vwhistoriekdetails`*/;
/*!50001 SET @saved_cs_client          = @@character_set_client */;
/*!50001 SET @saved_cs_results         = @@character_set_results */;
/*!50001 SET @saved_col_connection     = @@collation_connection */;
/*!50001 SET character_set_client      = utf8mb4 */;
/*!50001 SET character_set_results     = utf8mb4 */;
/*!50001 SET collation_connection      = utf8mb4_general_ci */;
/*!50001 CREATE ALGORITHM=UNDEFINED */
/*!50013 DEFINER=`root`@`localhost` SQL SECURITY DEFINER */
/*!50001 VIEW `vwhistoriekdetails` AS select date_format(`h`.`Tijdstip`,'%D %b %Y, %H:%i') AS `Tijdstip`,round(`h`.`Waarde`,2) AS `Waarde`,`c`.`Eenheid` AS `Eenheid`,concat(`c`.`Model`,' (',`c`.`Beschrijving`,')') AS `Component`,if(`d`.`Type` = 'Sensor','Meting','Aansturing') AS `Operatie` from ((`historiek` `h` join `component` `c` on(`c`.`Id` = `h`.`ComponentId`)) join `details` `d` on(`d`.`Model` = `c`.`Model`)) order by `h`.`Tijdstip` desc */;
/*!50001 SET character_set_client      = @saved_cs_client */;
/*!50001 SET character_set_results     = @saved_cs_results */;
/*!50001 SET collation_connection      = @saved_col_connection */;

--
-- Final view structure for view `vwnotificaties`
--

/*!50001 DROP TABLE IF EXISTS `vwnotificaties`*/;
/*!50001 DROP VIEW IF EXISTS `vwnotificaties`*/;
/*!50001 SET @saved_cs_client          = @@character_set_client */;
/*!50001 SET @saved_cs_results         = @@character_set_results */;
/*!50001 SET @saved_col_connection     = @@collation_connection */;
/*!50001 SET character_set_client      = utf8mb4 */;
/*!50001 SET character_set_results     = utf8mb4 */;
/*!50001 SET collation_connection      = utf8mb4_general_ci */;
/*!50001 CREATE ALGORITHM=UNDEFINED */
/*!50013 DEFINER=`mysql`@`localhost` SQL SECURITY DEFINER */
/*!50001 VIEW `vwnotificaties` AS select `notificatie`.`Niveau` AS `Niveau`,`notificatie`.`Bericht` AS `Bericht`,date_format(`notificatie`.`Tijdstip`,'%D %b %Y, %H:%i') AS `Tijdstip`,`notificatie`.`Gezien` AS `Gezien`,`notificatie`.`Volgnummer` AS `Volgnummer`,`notificatie`.`Verwijderd` AS `Verwijderd` from `notificatie` order by `notificatie`.`Tijdstip` desc */;
/*!50001 SET character_set_client      = @saved_cs_client */;
/*!50001 SET character_set_results     = @saved_cs_results */;
/*!50001 SET collation_connection      = @saved_col_connection */;

--
-- Final view structure for view `vwwashistoriekdetails`
--

/*!50001 DROP TABLE IF EXISTS `vwwashistoriekdetails`*/;
/*!50001 DROP VIEW IF EXISTS `vwwashistoriekdetails`*/;
/*!50001 SET @saved_cs_client          = @@character_set_client */;
/*!50001 SET @saved_cs_results         = @@character_set_results */;
/*!50001 SET @saved_col_connection     = @@collation_connection */;
/*!50001 SET character_set_client      = utf8mb4 */;
/*!50001 SET character_set_results     = utf8mb4 */;
/*!50001 SET collation_connection      = utf8mb4_general_ci */;
/*!50001 CREATE ALGORITHM=UNDEFINED */
/*!50013 DEFINER=`root`@`localhost` SQL SECURITY DEFINER */
/*!50001 VIEW `vwwashistoriekdetails` AS select date_format(`w`.`Tijdstip`,'%D %b %Y, %H:%i') AS `Tijdstip`,`m`.`Beschrijving` AS `Type kleren`,`p`.`Naam` AS `Programma`,concat(`p`.`Temperatuur`,'°C') AS `Temperatuur`,concat(`p`.`HoeveelheidProduct`,' ml') AS `Product`,cast(sec_to_time(`p`.`Duurtijd` * 60) as char charset utf8mb4) AS `Duurtijd` from (`mand` `m` left join (`washistoriek` `w` left join `programma` `p` on(`w`.`ProgrammaId` = `p`.`Id`)) on(`m`.`Id` = `w`.`MandId`)) order by `w`.`Tijdstip` desc */;
/*!50001 SET character_set_client      = @saved_cs_client */;
/*!50001 SET character_set_results     = @saved_cs_results */;
/*!50001 SET collation_connection      = @saved_col_connection */;

--
-- Final view structure for view `vwwashistoriekgrafiek`
--

/*!50001 DROP TABLE IF EXISTS `vwwashistoriekgrafiek`*/;
/*!50001 DROP VIEW IF EXISTS `vwwashistoriekgrafiek`*/;
/*!50001 SET @saved_cs_client          = @@character_set_client */;
/*!50001 SET @saved_cs_results         = @@character_set_results */;
/*!50001 SET @saved_col_connection     = @@collation_connection */;
/*!50001 SET character_set_client      = utf8mb4 */;
/*!50001 SET character_set_results     = utf8mb4 */;
/*!50001 SET collation_connection      = utf8mb4_general_ci */;
/*!50001 CREATE ALGORITHM=UNDEFINED */
/*!50013 DEFINER=`mysql`@`localhost` SQL SECURITY DEFINER */
/*!50001 VIEW `vwwashistoriekgrafiek` AS select date_format(cast(`wh`.`Tijdstip` as date),'%a %d %b') AS `Dag`,count(cast(`wh`.`Tijdstip` as date)) AS `Aantal wassen`,`m`.`Beschrijving` AS `Beschrijving` from (`washistoriek` `wh` join `mand` `m` on(`m`.`Id` = `wh`.`MandId`)) group by cast(`wh`.`Tijdstip` as date),`wh`.`MandId` order by `wh`.`Tijdstip` */;
/*!50001 SET character_set_client      = @saved_cs_client */;
/*!50001 SET character_set_results     = @saved_cs_results */;
/*!50001 SET collation_connection      = @saved_col_connection */;
/*!40103 SET TIME_ZONE=@OLD_TIME_ZONE */;

/*!40101 SET SQL_MODE=@OLD_SQL_MODE */;
/*!40014 SET FOREIGN_KEY_CHECKS=@OLD_FOREIGN_KEY_CHECKS */;
/*!40014 SET UNIQUE_CHECKS=@OLD_UNIQUE_CHECKS */;
/*!40101 SET CHARACTER_SET_CLIENT=@OLD_CHARACTER_SET_CLIENT */;
/*!40101 SET CHARACTER_SET_RESULTS=@OLD_CHARACTER_SET_RESULTS */;
/*!40101 SET COLLATION_CONNECTION=@OLD_COLLATION_CONNECTION */;
/*!40111 SET SQL_NOTES=@OLD_SQL_NOTES */;

-- Dump completed on 2020-06-13 14:51:45
